event_id,sport_id,league_id,league_name,home,away,starts,period_number,period_description,market,line,side,ts_iso,ts_epoch,price,limit
1610679471,8,1624,UFC,Max Holloway,Dustin Poirier,2025-07-20T04:44:00,0,Fight,moneyline,,away,2025-06-09T17:24:00+00:00,1749489840,1.877,950.0
1610679471,8,1624,UFC,Max Holloway,Dustin Poirier,2025-07-20T04:44:00,0,Fight,moneyline,,home,2025-06-09T17:24:00+00:00,1749489840,1.98,950.0
1610679471,8,1624,UFC,Max Holloway,Dustin Poirier,2025-07-20T04:44:00,0,Fight,moneyline,,away,2025-06-09T17:24:06+00:00,1749489846,1.892,950.0
1610679471,8,1624,UFC,Max Holloway,Dustin Poirier,2025-07-20T04:44:00,0,Fight,moneyline,,home,2025-06-09T17:24:06+00:00,1749489846,1.961,950.0
1610679471,8,1624,UFC,Max Holloway,Dustin Poirier,2025-07-20T04:44:00,0,Fight,moneyline,,away,2025-06-09T17:24:18+00:00,1749489858,1.909,950.0
1610679471,8,1624,UFC,Max Holloway,Dustin Poirier,2025-07-20T04:44:00,0,Fight,moneyline,,home,2025-06-09T17:24:18+00:00,1749489858,1.943,950.0
1610679471,8,1624,UFC,Max Holloway,Dustin Poirier,2025-07-20T04:44:00,0,Fight,moneyline,,away,2025-06-09T18:55:18+00:00,1749495318,1.934,950.0
1610679471,8,1624,UFC,Max Holloway,Dustin Poirier,2025-07-20T04:44:00,0,Fight,moneyline,,home,2025-06-09T18:55:18+00:00,1749495318,1.917,950.0
1610679471,8,1624,UFC,Max Holloway,Dustin Poirier,2025-07-20T04:44:00,0,Fight,moneyline,,away,2025-06-09T18:56:17+00:00,1749495377,1.952,950.0
1610679471,8,1624,UFC,Max Holloway,Dustin Poirier,2025-07-20T04:44:00,0,Fight,moneyline,,home,2025-06-09T18:56:17+00:00,1749495377,1.9,950.0
1610679471,8,1624,UFC,Max Holloway,Dustin Poirier,2025-07-20T04:44:00,0,Fight,moneyline,,away,2025-06-15T20:31:02+00:00,1750019462,1.97,950.0
1610679471,8,1624,UFC,Max Holloway,Dustin Poirier,2025-07-20T04:44:00,0,Fight,moneyline,,home,2025-06-15T20:31:02+00:00,1750019462,1.877,950.0
1610679471,8,1624,UFC,Max Holloway,Dustin Poirier,2025-07-20T04:44:00,0,Fight,moneyline,,away,2025-06-20T01:57:57+00:00,1750384677,2.0,950.0
1610679471,8,1624,UFC,Max Holloway,Dustin Poirier,2025-07-20T04:44:00,0,Fight,moneyline,,home,2025-06-20T01:57:57+00:00,1750384677,1.854,950.0
1610679471,8,1624,UFC,Max Holloway,Dustin Poirier,2025-07-20T04:44:00,0,Fight,moneyline,,away,2025-06-20T03:49:01+00:00,1750391341,1.961,950.0
1610679471,8,1624,UFC,Max Holloway,Dustin Poirier,2025-07-20T04:44:00,0,Fight,moneyline,,home,2025-06-20T03:49:01+00:00,1750391341,1.892,950.0
1610679471,8,1624,UFC,Max Holloway,Dustin Poirier,2025-07-20T04:44:00,0,Fight,moneyline,,away,2025-06-22T08:54:06+00:00,1750582446,1.97,950.0
1610679471,8,1624,UFC,Max Holloway,Dustin Poirier,2025-07-20T04:44:00,0,Fight,moneyline,,home,2025-06-22T08:54:06+00:00,1750582446,1.884,950.0
1610679471,8,1624,UFC,Max Holloway,Dustin Poirier,2025-07-20T04:44:00,0,Fight,moneyline,,away,2025-06-22T22:39:14+00:00,1750631954,1.961,950.0
1610679471,8,1624,UFC,Max Holloway,Dustin Poirier,2025-07-20T04:44:00,0,Fight,moneyline,,home,2025-06-22T22:39:14+00:00,1750631954,1.892,950.0
1610679471,8,1624,UFC,Max Holloway,Dustin Poirier,2025-07-20T04:44:00,0,Fight,moneyline,,away,2025-06-29T15:21:05+00:00,1751210465,1.952,950.0
1610679471,8,1624,UFC,Max Holloway,Dustin Poirier,2025-07-20T04:44:00,0,Fight,moneyline,,home,2025-06-29T15:21:05+00:00,1751210465,1.9,950.0
1610679471,8,1624,UFC,Max Holloway,Dustin Poirier,2025-07-20T04:44:00,0,Fight,moneyline,,away,2025-06-29T15:40:31+00:00,1751211631,1.943,950.0
1610679471,8,1624,UFC,Max Holloway,Dustin Poirier,2025-07-20T04:44:00,0,Fight,moneyline,,away,2025-06-29T23:11:32+00:00,1751238692,1.961,950.0
1610679471,8,1624,UFC,Max Holloway,Dustin Poirier,2025-07-20T04:44:00,0,Fight,moneyline,,home,2025-06-29T23:11:32+00:00,1751238692,1.892,950.0
1610679471,8,1624,UFC,Max Holloway,Dustin Poirier,2025-07-20T04:44:00,0,Fight,moneyline,,away,2025-07-02T00:18:48+00:00,1751415528,1.97,1500.0
1610679471,8,1624,UFC,Max Holloway,Dustin Poirier,2025-07-20T04:44:00,0,Fight,moneyline,,home,2025-07-02T00:18:48+00:00,1751415528,1.884,1500.0
1610679471,8,1624,UFC,Max Holloway,Dustin Poirier,2025-07-20T04:44:00,0,Fight,moneyline,,away,2025-07-02T03:11:44+00:00,1751425904,1.98,1500.0
1610679471,8,1624,UFC,Max Holloway,Dustin Poirier,2025-07-20T04:44:00,0,Fight,moneyline,,home,2025-07-02T03:11:44+00:00,1751425904,1.877,1500.0
1610679471,8,1624,UFC,Max Holloway,Dustin Poirier,2025-07-20T04:44:00,0,Fight,moneyline,,away,2025-07-02T13:59:20+00:00,1751464760,2.0,1500.0
1610679471,8,1624,UFC,Max Holloway,Dustin Poirier,2025-07-20T04:44:00,0,Fight,moneyline,,home,2025-07-02T13:59:20+00:00,1751464760,1.854,1500.0
1610679471,8,1624,UFC,Max Holloway,Dustin Poirier,2025-07-20T04:44:00,0,Fight,moneyline,,home,2025-07-02T22:26:59+00:00,1751495219,1.862,1500.0
1610679471,8,1624,UFC,Max Holloway,Dustin Poirier,2025-07-20T04:44:00,0,Fight,moneyline,,away,2025-07-04T11:37:15+00:00,1751629035,2.02,1500.0
1610679471,8,1624,UFC,Max Holloway,Dustin Poirier,2025-07-20T04:44:00,0,Fight,moneyline,,home,2025-07-04T11:37:15+00:00,1751629035,1.84,1500.0
1610679471,8,1624,UFC,Max Holloway,Dustin Poirier,2025-07-20T04:44:00,0,Fight,moneyline,,away,2025-07-09T10:05:09+00:00,1752055509,1.934,1500.0
1610679471,8,1624,UFC,Max Holloway,Dustin Poirier,2025-07-20T04:44:00,0,Fight,moneyline,,home,2025-07-09T10:05:09+00:00,1752055509,1.917,1500.0
1610679471,8,1624,UFC,Max Holloway,Dustin Poirier,2025-07-20T04:44:00,0,Fight,moneyline,,away,2025-07-09T13:17:32+00:00,1752067052,1.961,1500.0
1610679471,8,1624,UFC,Max Holloway,Dustin Poirier,2025-07-20T04:44:00,0,Fight,moneyline,,home,2025-07-09T13:17:32+00:00,1752067052,1.892,1500.0
1610679471,8,1624,UFC,Max Holloway,Dustin Poirier,2025-07-20T04:44:00,0,Fight,moneyline,,away,2025-07-10T16:06:50+00:00,1752163610,1.98,2500.0
1610679471,8,1624,UFC,Max Holloway,Dustin Poirier,2025-07-20T04:44:00,0,Fight,moneyline,,home,2025-07-10T16:06:50+00:00,1752163610,1.877,2500.0
1610679471,8,1624,UFC,Max Holloway,Dustin Poirier,2025-07-20T04:44:00,0,Fight,moneyline,,away,2025-07-10T16:15:50+00:00,1752164150,2.0,2500.0
1610679471,8,1624,UFC,Max Holloway,Dustin Poirier,2025-07-20T04:44:00,0,Fight,moneyline,,home,2025-07-10T16:15:50+00:00,1752164150,1.854,2500.0
1610679471,8,1624,UFC,Max Holloway,Dustin Poirier,2025-07-20T04:44:00,0,Fight,moneyline,,away,2025-07-10T21:23:09+00:00,1752182589,1.99,2500.0
1610679471,8,1624,UFC,Max Holloway,Dustin Poirier,2025-07-20T04:44:00,0,Fight,moneyline,,home,2025-07-10T21:23:09+00:00,1752182589,1.862,2500.0
1610679471,8,1624,UFC,Max Holloway,Dustin Poirier,2025-07-20T04:44:00,0,Fight,moneyline,,away,2025-07-12T17:53:45+00:00,1752342825,2.0,2500.0
1610679471,8,1624,UFC,Max Holloway,Dustin Poirier,2025-07-20T04:44:00,0,Fight,moneyline,,home,2025-07-12T17:53:45+00:00,1752342825,1.854,2500.0
1610679471,8,1624,UFC,Max Holloway,Dustin Poirier,2025-07-20T04:44:00,0,Fight,moneyline,,away,2025-07-13T04:10:05+00:00,1752379805,1.952,2500.0
1610679471,8,1624,UFC,Max Holloway,Dustin Poirier,2025-07-20T04:44:00,0,Fight,moneyline,,home,2025-07-13T04:10:05+00:00,1752379805,1.9,2500.0
1610679471,8,1624,UFC,Max Holloway,Dustin Poirier,2025-07-20T04:44:00,0,Fight,moneyline,,away,2025-07-13T09:35:29+00:00,1752399329,2.03,2500.0
1610679471,8,1624,UFC,Max Holloway,Dustin Poirier,2025-07-20T04:44:00,0,Fight,moneyline,,home,2025-07-13T09:35:29+00:00,1752399329,1.826,2500.0
1610679471,8,1624,UFC,Max Holloway,Dustin Poirier,2025-07-20T04:44:00,0,Fight,moneyline,,away,2025-07-13T13:02:12+00:00,1752411732,2.05,2500.0
1610679471,8,1624,UFC,Max Holloway,Dustin Poirier,2025-07-20T04:44:00,0,Fight,moneyline,,home,2025-07-13T13:02:12+00:00,1752411732,1.819,2500.0
1610679471,8,1624,UFC,Max Holloway,Dustin Poirier,2025-07-20T04:44:00,0,Fight,moneyline,,away,2025-07-13T13:38:12+00:00,1752413892,2.06,2500.0
1610679471,8,1624,UFC,Max Holloway,Dustin Poirier,2025-07-20T04:44:00,0,Fight,moneyline,,home,2025-07-13T13:38:12+00:00,1752413892,1.813,2500.0
1610679471,8,1624,UFC,Max Holloway,Dustin Poirier,2025-07-20T04:44:00,0,Fight,total,4.5,over,2025-07-13T13:39:21+00:00,1752413961,1.689,475.0
1610679471,8,1624,UFC,Max Holloway,Dustin Poirier,2025-07-20T04:44:00,0,Fight,total,4.5,under,2025-07-13T13:39:21+00:00,1752413961,2.22,475.0
1610679471,8,1624,UFC,Max Holloway,Dustin Poirier,2025-07-20T04:44:00,0,Fight,moneyline,,away,2025-07-13T19:59:32+00:00,1752436772,2.05,2500.0
1610679471,8,1624,UFC,Max Holloway,Dustin Poirier,2025-07-20T04:44:00,0,Fight,moneyline,,away,2025-07-13T21:25:55+00:00,1752441955,2.17,2500.0
1610679471,8,1624,UFC,Max Holloway,Dustin Poirier,2025-07-20T04:44:00,0,Fight,moneyline,,home,2025-07-13T21:25:55+00:00,1752441955,1.735,2500.0
1610679471,8,1624,UFC,Max Holloway,Dustin Poirier,2025-07-20T04:44:00,0,Fight,moneyline,,away,2025-07-13T23:19:21+00:00,1752448761,2.16,2500.0
1610679471,8,1624,UFC,Max Holloway,Dustin Poirier,2025-07-20T04:44:00,0,Fight,moneyline,,home,2025-07-13T23:19:21+00:00,1752448761,1.74,2500.0
1610679471,8,1624,UFC,Max Holloway,Dustin Poirier,2025-07-20T04:44:00,0,Fight,moneyline,,away,2025-07-14T00:00:46+00:00,1752451246,2.14,2500.0
1610679471,8,1624,UFC,Max Holloway,Dustin Poirier,2025-07-20T04:44:00,0,Fight,moneyline,,home,2025-07-14T00:00:46+00:00,1752451246,1.751,2500.0
1610679471,8,1624,UFC,Max Holloway,Dustin Poirier,2025-07-20T04:44:00,0,Fight,moneyline,,away,2025-07-14T06:04:06+00:00,1752473046,2.06,2500.0
1610679471,8,1624,UFC,Max Holloway,Dustin Poirier,2025-07-20T04:44:00,0,Fight,moneyline,,home,2025-07-14T06:04:06+00:00,1752473046,1.813,2500.0
1610679471,8,1624,UFC,Max Holloway,Dustin Poirier,2025-07-20T04:44:00,0,Fight,moneyline,,away,2025-07-14T07:37:56+00:00,1752478676,2.07,2500.0
1610679471,8,1624,UFC,Max Holloway,Dustin Poirier,2025-07-20T04:44:00,0,Fight,moneyline,,home,2025-07-14T07:37:56+00:00,1752478676,1.8,2500.0
1610679471,8,1624,UFC,Max Holloway,Dustin Poirier,2025-07-20T04:44:00,0,Fight,moneyline,,home,2025-07-14T17:20:18+00:00,1752513618,1.806,2500.0
1610679471,8,1624,UFC,Max Holloway,Dustin Poirier,2025-07-20T04:44:00,0,Fight,total,4.5,over,2025-07-14T17:27:47+00:00,1752514067,1.699,475.0
1610679471,8,1624,UFC,Max Holloway,Dustin Poirier,2025-07-20T04:44:00,0,Fight,total,4.5,under,2025-07-14T17:27:47+00:00,1752514067,2.2,475.0
1610679471,8,1624,UFC,Max Holloway,Dustin Poirier,2025-07-20T04:44:00,0,Fight,moneyline,,home,2025-07-15T00:02:28+00:00,1752537748,1.8,2500.0
1610679471,8,1624,UFC,Max Holloway,Dustin Poirier,2025-07-20T04:44:00,0,Fight,moneyline,,away,2025-07-15T00:37:45+00:00,1752539865,2.06,2500.0
1610679471,8,1624,UFC,Max Holloway,Dustin Poirier,2025-07-20T04:44:00,0,Fight,moneyline,,home,2025-07-15T00:37:45+00:00,1752539865,1.806,2500.0
1610679471,8,1624,UFC,Max Holloway,Dustin Poirier,2025-07-20T04:44:00,0,Fight,moneyline,,away,2025-07-15T00:40:31+00:00,1752540031,2.09,2500.0
1610679471,8,1624,UFC,Max Holloway,Dustin Poirier,2025-07-20T04:44:00,0,Fight,moneyline,,home,2025-07-15T00:40:31+00:00,1752540031,1.787,2500.0
1610679471,8,1624,UFC,Max Holloway,Dustin Poirier,2025-07-20T04:44:00,0,Fight,moneyline,,away,2025-07-15T01:01:50+00:00,1752541310,2.06,2500.0
1610679471,8,1624,UFC,Max Holloway,Dustin Poirier,2025-07-20T04:44:00,0,Fight,moneyline,,home,2025-07-15T01:01:50+00:00,1752541310,1.806,2500.0
1610679471,8,1624,UFC,Max Holloway,Dustin Poirier,2025-07-20T04:44:00,0,Fight,total,4.5,over,2025-07-15T11:14:44+00:00,1752578084,1.68,475.0
1610679471,8,1624,UFC,Max Holloway,Dustin Poirier,2025-07-20T04:44:00,0,Fight,total,4.5,under,2025-07-15T11:14:44+00:00,1752578084,2.24,475.0
1610679471,8,1624,UFC,Max Holloway,Dustin Poirier,2025-07-20T04:44:00,0,Fight,moneyline,,away,2025-07-15T11:55:56+00:00,1752580556,2.05,2500.0
1610679471,8,1624,UFC,Max Holloway,Dustin Poirier,2025-07-20T04:44:00,0,Fight,moneyline,,home,2025-07-15T11:55:56+00:00,1752580556,1.813,2500.0
1610679471,8,1624,UFC,Max Holloway,Dustin Poirier,2025-07-20T04:44:00,0,Fight,total,4.5,over,2025-07-15T13:28:46+00:00,1752586126,1.671,475.0
1610679471,8,1624,UFC,Max Holloway,Dustin Poirier,2025-07-20T04:44:00,0,Fight,total,4.5,under,2025-07-15T13:28:46+00:00,1752586126,2.25,475.0
1610679471,8,1624,UFC,Max Holloway,Dustin Poirier,2025-07-20T04:44:00,0,Fight,total,4.5,over,2025-07-15T13:30:35+00:00,1752586235,1.653,475.0
1610679471,8,1624,UFC,Max Holloway,Dustin Poirier,2025-07-20T04:44:00,0,Fight,total,4.5,under,2025-07-15T13:30:35+00:00,1752586235,2.28,475.0
1610679471,8,1624,UFC,Max Holloway,Dustin Poirier,2025-07-20T04:44:00,0,Fight,moneyline,,away,2025-07-15T16:57:06+00:00,1752598626,2.06,2500.0
1610679471,8,1624,UFC,Max Holloway,Dustin Poirier,2025-07-20T04:44:00,0,Fight,moneyline,,home,2025-07-15T16:57:06+00:00,1752598626,1.806,2500.0
1610679471,8,1624,UFC,Max Holloway,Dustin Poirier,2025-07-20T04:44:00,0,Fight,moneyline,,away,2025-07-15T16:57:23+00:00,1752598643,2.07,2500.0
1610679471,8,1624,UFC,Max Holloway,Dustin Poirier,2025-07-20T04:44:00,0,Fight,moneyline,,home,2025-07-15T16:57:23+00:00,1752598643,1.8,2500.0
1610679471,8,1624,UFC,Max Holloway,Dustin Poirier,2025-07-20T04:44:00,0,Fight,moneyline,,away,2025-07-15T17:21:18+00:00,1752600078,2.08,2500.0
1610679471,8,1624,UFC,Max Holloway,Dustin Poirier,2025-07-20T04:44:00,0,Fight,moneyline,,home,2025-07-15T17:21:18+00:00,1752600078,1.793,2500.0
1610679471,8,1624,UFC,Max Holloway,Dustin Poirier,2025-07-20T04:44:00,0,Fight,moneyline,,away,2025-07-15T17:28:01+00:00,1752600481,2.16,2500.0
1610679471,8,1624,UFC,Max Holloway,Dustin Poirier,2025-07-20T04:44:00,0,Fight,moneyline,,home,2025-07-15T17:28:01+00:00,1752600481,1.735,2500.0
1610679471,8,1624,UFC,Max Holloway,Dustin Poirier,2025-07-20T04:44:00,0,Fight,moneyline,,away,2025-07-15T17:59:50+00:00,1752602390,2.11,2500.0
1610679471,8,1624,UFC,Max Holloway,Dustin Poirier,2025-07-20T04:44:00,0,Fight,moneyline,,home,2025-07-15T17:59:50+00:00,1752602390,1.769,2500.0
1610679471,8,1624,UFC,Max Holloway,Dustin Poirier,2025-07-20T04:44:00,0,Fight,moneyline,,away,2025-07-15T21:21:07+00:00,1752614467,2.1,2500.0
1610679471,8,1624,UFC,Max Holloway,Dustin Poirier,2025-07-20T04:44:00,0,Fight,moneyline,,home,2025-07-15T21:21:07+00:00,1752614467,1.775,2500.0
1610679471,8,1624,UFC,Max Holloway,Dustin Poirier,2025-07-20T04:44:00,0,Fight,moneyline,,away,2025-07-16T04:17:01+00:00,1752639421,2.13,5000.0
1610679471,8,1624,UFC,Max Holloway,Dustin Poirier,2025-07-20T04:44:00,0,Fight,moneyline,,home,2025-07-16T04:17:01+00:00,1752639421,1.757,5000.0
1610679471,8,1624,UFC,Max Holloway,Dustin Poirier,2025-07-20T04:44:00,0,Fight,moneyline,,away,2025-07-16T04:54:31+00:00,1752641671,2.12,5000.0
1610679471,8,1624,UFC,Max Holloway,Dustin Poirier,2025-07-20T04:44:00,0,Fight,moneyline,,home,2025-07-16T04:54:31+00:00,1752641671,1.763,5000.0
1610679471,8,1624,UFC,Max Holloway,Dustin Poirier,2025-07-20T04:44:00,0,Fight,total,4.5,over,2025-07-16T08:57:52+00:00,1752656272,1.645,475.0
1610679471,8,1624,UFC,Max Holloway,Dustin Poirier,2025-07-20T04:44:00,0,Fight,total,4.5,under,2025-07-16T08:57:52+00:00,1752656272,2.3,475.0
1610679471,8,1624,UFC,Max Holloway,Dustin Poirier,2025-07-20T04:44:00,0,Fight,moneyline,,away,2025-07-16T09:01:11+00:00,1752656471,2.11,5000.0
1610679471,8,1624,UFC,Max Holloway,Dustin Poirier,2025-07-20T04:44:00,0,Fight,moneyline,,home,2025-07-16T09:01:11+00:00,1752656471,1.769,5000.0
1610679471,8,1624,UFC,Max Holloway,Dustin Poirier,2025-07-20T04:44:00,0,Fight,moneyline,,away,2025-07-16T18:49:36+00:00,1752691776,2.09,5000.0
1610679471,8,1624,UFC,Max Holloway,Dustin Poirier,2025-07-20T04:44:00,0,Fight,moneyline,,home,2025-07-16T18:49:36+00:00,1752691776,1.787,5000.0
1610679471,8,1624,UFC,Max Holloway,Dustin Poirier,2025-07-20T04:44:00,0,Fight,moneyline,,away,2025-07-17T00:11:22+00:00,1752711082,2.06,5000.0
1610679471,8,1624,UFC,Max Holloway,Dustin Poirier,2025-07-20T04:44:00,0,Fight,moneyline,,home,2025-07-17T00:11:22+00:00,1752711082,1.813,5000.0
1610679471,8,1624,UFC,Max Holloway,Dustin Poirier,2025-07-20T04:44:00,0,Fight,moneyline,,away,2025-07-17T01:12:28+00:00,1752714748,2.07,5000.0
1610679471,8,1624,UFC,Max Holloway,Dustin Poirier,2025-07-20T04:44:00,0,Fight,moneyline,,home,2025-07-17T01:12:28+00:00,1752714748,1.806,5000.0
1610679471,8,1624,UFC,Max Holloway,Dustin Poirier,2025-07-20T04:44:00,0,Fight,total,4.5,over,2025-07-17T06:06:08+00:00,1752732368,1.666,475.0
1610679471,8,1624,UFC,Max Holloway,Dustin Poirier,2025-07-20T04:44:00,0,Fight,total,4.5,under,2025-07-17T06:06:08+00:00,1752732368,2.26,475.0
1610679471,8,1624,UFC,Max Holloway,Dustin Poirier,2025-07-20T04:44:00,0,Fight,total,4.5,over,2025-07-17T16:21:49+00:00,1752769309,1.649,475.0
1610679471,8,1624,UFC,Max Holloway,Dustin Poirier,2025-07-20T04:44:00,0,Fight,total,4.5,under,2025-07-17T16:21:49+00:00,1752769309,2.29,475.0
1610679471,8,1624,UFC,Max Holloway,Dustin Poirier,2025-07-20T04:44:00,0,Fight,total,4.5,over,2025-07-17T19:03:31+00:00,1752779011,1.632,475.0
1610679471,8,1624,UFC,Max Holloway,Dustin Poirier,2025-07-20T04:44:00,0,Fight,total,4.5,under,2025-07-17T19:03:31+00:00,1752779011,2.32,475.0
1610679471,8,1624,UFC,Max Holloway,Dustin Poirier,2025-07-20T04:44:00,0,Fight,moneyline,,away,2025-07-17T20:30:21+00:00,1752784221,2.05,5000.0
1610679471,8,1624,UFC,Max Holloway,Dustin Poirier,2025-07-20T04:44:00,0,Fight,moneyline,,home,2025-07-17T20:30:21+00:00,1752784221,1.813,5000.0
1610679471,8,1624,UFC,Max Holloway,Dustin Poirier,2025-07-20T04:44:00,0,Fight,moneyline,,away,2025-07-17T20:56:57+00:00,1752785817,2.06,5000.0
1610679471,8,1624,UFC,Max Holloway,Dustin Poirier,2025-07-20T04:44:00,0,Fight,moneyline,,home,2025-07-17T20:56:57+00:00,1752785817,1.806,5000.0
1610679471,8,1624,UFC,Max Holloway,Dustin Poirier,2025-07-20T04:44:00,0,Fight,moneyline,,away,2025-07-17T21:47:39+00:00,1752788859,2.07,5000.0
1610679471,8,1624,UFC,Max Holloway,Dustin Poirier,2025-07-20T04:44:00,0,Fight,moneyline,,home,2025-07-17T21:47:39+00:00,1752788859,1.8,5000.0
1610679471,8,1624,UFC,Max Holloway,Dustin Poirier,2025-07-20T04:44:00,0,Fight,moneyline,,away,2025-07-17T22:30:19+00:00,1752791419,2.06,5000.0
1610679471,8,1624,UFC,Max Holloway,Dustin Poirier,2025-07-20T04:44:00,0,Fight,moneyline,,home,2025-07-17T22:30:19+00:00,1752791419,1.806,5000.0
1610679471,8,1624,UFC,Max Holloway,Dustin Poirier,2025-07-20T04:44:00,0,Fight,moneyline,,away,2025-07-18T04:40:06+00:00,1752813606,2.08,5000.0
1610679471,8,1624,UFC,Max Holloway,Dustin Poirier,2025-07-20T04:44:00,0,Fight,moneyline,,home,2025-07-18T04:40:06+00:00,1752813606,1.787,5000.0
1610679471,8,1624,UFC,Max Holloway,Dustin Poirier,2025-07-20T04:44:00,0,Fight,total,4.5,over,2025-07-18T10:19:11+00:00,1752833951,1.645,475.0
1610679471,8,1624,UFC,Max Holloway,Dustin Poirier,2025-07-20T04:44:00,0,Fight,total,4.5,under,2025-07-18T10:19:11+00:00,1752833951,2.3,475.0
1610679471,8,1624,UFC,Max Holloway,Dustin Poirier,2025-07-20T04:44:00,0,Fight,total,4.5,under,2025-07-18T10:19:29+00:00,1752833969,2.29,475.0
1610679471,8,1624,UFC,Max Holloway,Dustin Poirier,2025-07-20T04:44:00,0,Fight,moneyline,,away,2025-07-18T11:35:10+00:00,1752838510,2.12,5000.0
1610679471,8,1624,UFC,Max Holloway,Dustin Poirier,2025-07-20T04:44:00,0,Fight,moneyline,,home,2025-07-18T11:35:10+00:00,1752838510,1.763,5000.0
1610679471,8,1624,UFC,Max Holloway,Dustin Poirier,2025-07-20T04:44:00,0,Fight,moneyline,,away,2025-07-18T11:35:21+00:00,1752838521,2.15,5000.0
1610679471,8,1624,UFC,Max Holloway,Dustin Poirier,2025-07-20T04:44:00,0,Fight,moneyline,,home,2025-07-18T11:35:21+00:00,1752838521,1.74,5000.0
1610679471,8,1624,UFC,Max Holloway,Dustin Poirier,2025-07-20T04:44:00,0,Fight,moneyline,,away,2025-07-18T11:37:04+00:00,1752838624,2.18,5000.0
1610679471,8,1624,UFC,Max Holloway,Dustin Poirier,2025-07-20T04:44:00,0,Fight,moneyline,,home,2025-07-18T11:37:04+00:00,1752838624,1.724,5000.0
1610679471,8,1624,UFC,Max Holloway,Dustin Poirier,2025-07-20T04:44:00,0,Fight,moneyline,,away,2025-07-18T15:54:38+00:00,1752854078,2.16,6000.0
1610679471,8,1624,UFC,Max Holloway,Dustin Poirier,2025-07-20T04:44:00,0,Fight,moneyline,,home,2025-07-18T15:54:38+00:00,1752854078,1.735,6000.0
1610679471,8,1624,UFC,Max Holloway,Dustin Poirier,2025-07-20T04:44:00,0,Fight,moneyline,,away,2025-07-18T19:23:30+00:00,1752866610,2.14,6000.0
1610679471,8,1624,UFC,Max Holloway,Dustin Poirier,2025-07-20T04:44:00,0,Fight,moneyline,,home,2025-07-18T19:23:30+00:00,1752866610,1.751,6000.0
1610679471,8,1624,UFC,Max Holloway,Dustin Poirier,2025-07-20T04:44:00,0,Fight,moneyline,,away,2025-07-18T19:23:41+00:00,1752866621,2.13,6000.0
1610679471,8,1624,UFC,Max Holloway,Dustin Poirier,2025-07-20T04:44:00,0,Fight,moneyline,,home,2025-07-18T19:23:41+00:00,1752866621,1.757,6000.0
1610679471,8,1624,UFC,Max Holloway,Dustin Poirier,2025-07-20T04:44:00,0,Fight,total,4.5,over,2025-07-19T00:48:11+00:00,1752886091,1.628,2000.0
1610679471,8,1624,UFC,Max Holloway,Dustin Poirier,2025-07-20T04:44:00,0,Fight,total,4.5,under,2025-07-19T00:48:11+00:00,1752886091,2.33,2000.0
1610679471,8,1624,UFC,Max Holloway,Dustin Poirier,2025-07-20T04:44:00,0,Fight,total,4.5,over,2025-07-19T01:35:40+00:00,1752888940,1.632,2000.0
1610679471,8,1624,UFC,Max Holloway,Dustin Poirier,2025-07-20T04:44:00,0,Fight,total,4.5,under,2025-07-19T01:35:40+00:00,1752888940,2.32,2000.0
1610679471,8,1624,UFC,Max Holloway,Dustin Poirier,2025-07-20T04:44:00,0,Fight,moneyline,,away,2025-07-19T02:02:11+00:00,1752890531,2.12,6000.0
1610679471,8,1624,UFC,Max Holloway,Dustin Poirier,2025-07-20T04:44:00,0,Fight,moneyline,,home,2025-07-19T02:02:11+00:00,1752890531,1.763,6000.0
1610679471,8,1624,UFC,Max Holloway,Dustin Poirier,2025-07-20T04:44:00,0,Fight,moneyline,,away,2025-07-19T03:54:05+00:00,1752897245,2.11,6000.0
1610679471,8,1624,UFC,Max Holloway,Dustin Poirier,2025-07-20T04:44:00,0,Fight,moneyline,,home,2025-07-19T03:54:05+00:00,1752897245,1.769,6000.0
1610679471,8,1624,UFC,Max Holloway,Dustin Poirier,2025-07-20T04:44:00,0,Fight,total,4.5,over,2025-07-19T05:10:21+00:00,1752901821,1.621,2000.0
1610679471,8,1624,UFC,Max Holloway,Dustin Poirier,2025-07-20T04:44:00,0,Fight,total,4.5,under,2025-07-19T05:10:21+00:00,1752901821,2.35,2000.0
1610679471,8,1624,UFC,Max Holloway,Dustin Poirier,2025-07-20T04:44:00,0,Fight,total,4.5,under,2025-07-19T08:32:10+00:00,1752913930,2.34,2000.0
1610679471,8,1624,UFC,Max Holloway,Dustin Poirier,2025-07-20T04:44:00,0,Fight,moneyline,,away,2025-07-19T09:22:18+00:00,1752916938,2.13,6000.0
1610679471,8,1624,UFC,Max Holloway,Dustin Poirier,2025-07-20T04:44:00,0,Fight,moneyline,,home,2025-07-19T09:22:18+00:00,1752916938,1.757,6000.0
1610679471,8,1624,UFC,Max Holloway,Dustin Poirier,2025-07-20T04:44:00,0,Fight,moneyline,,away,2025-07-19T09:25:50+00:00,1752917150,2.15,6000.0
1610679471,8,1624,UFC,Max Holloway,Dustin Poirier,2025-07-20T04:44:00,0,Fight,moneyline,,home,2025-07-19T09:25:50+00:00,1752917150,1.746,6000.0
1610679471,8,1624,UFC,Max Holloway,Dustin Poirier,2025-07-20T04:44:00,0,Fight,moneyline,,away,2025-07-19T09:46:16+00:00,1752918376,2.16,6000.0
1610679471,8,1624,UFC,Max Holloway,Dustin Poirier,2025-07-20T04:44:00,0,Fight,moneyline,,home,2025-07-19T09:46:16+00:00,1752918376,1.735,6000.0
1610679471,8,1624,UFC,Max Holloway,Dustin Poirier,2025-07-20T04:44:00,0,Fight,moneyline,,away,2025-07-19T09:46:40+00:00,1752918400,2.17,6000.0
1610679471,8,1624,UFC,Max Holloway,Dustin Poirier,2025-07-20T04:44:00,0,Fight,moneyline,,home,2025-07-19T09:46:40+00:00,1752918400,1.729,6000.0
1610679471,8,1624,UFC,Max Holloway,Dustin Poirier,2025-07-20T04:44:00,0,Fight,total,4.5,over,2025-07-19T10:22:01+00:00,1752920521,1.628,2000.0
1610679471,8,1624,UFC,Max Holloway,Dustin Poirier,2025-07-20T04:44:00,0,Fight,total,4.5,under,2025-07-19T10:22:01+00:00,1752920521,2.33,2000.0
1610679471,8,1624,UFC,Max Holloway,Dustin Poirier,2025-07-20T04:44:00,0,Fight,moneyline,,away,2025-07-19T11:21:10+00:00,1752924070,2.16,6000.0
1610679471,8,1624,UFC,Max Holloway,Dustin Poirier,2025-07-20T04:44:00,0,Fight,moneyline,,home,2025-07-19T11:21:10+00:00,1752924070,1.735,6000.0
1610679471,8,1624,UFC,Max Holloway,Dustin Poirier,2025-07-20T04:44:00,0,Fight,total,4.5,over,2025-07-19T11:44:05+00:00,1752925445,1.645,2000.0
1610679471,8,1624,UFC,Max Holloway,Dustin Poirier,2025-07-20T04:44:00,0,Fight,total,4.5,under,2025-07-19T11:44:05+00:00,1752925445,2.3,2000.0
1610679471,8,1624,UFC,Max Holloway,Dustin Poirier,2025-07-20T04:44:00,0,Fight,total,4.5,over,2025-07-19T11:44:57+00:00,1752925497,1.666,2000.0
1610679471,8,1624,UFC,Max Holloway,Dustin Poirier,2025-07-20T04:44:00,0,Fight,total,4.5,under,2025-07-19T11:44:57+00:00,1752925497,2.26,2000.0
1610679471,8,1624,UFC,Max Holloway,Dustin Poirier,2025-07-20T04:44:00,0,Fight,moneyline,,away,2025-07-19T12:04:31+00:00,1752926671,2.15,6000.0
1610679471,8,1624,UFC,Max Holloway,Dustin Poirier,2025-07-20T04:44:00,0,Fight,moneyline,,home,2025-07-19T12:04:31+00:00,1752926671,1.746,6000.0
1610679471,8,1624,UFC,Max Holloway,Dustin Poirier,2025-07-20T04:44:00,0,Fight,moneyline,,away,2025-07-19T12:23:37+00:00,1752927817,2.18,6000.0
1610679471,8,1624,UFC,Max Holloway,Dustin Poirier,2025-07-20T04:44:00,0,Fight,moneyline,,home,2025-07-19T12:23:37+00:00,1752927817,1.751,6000.0
1610679471,8,1624,UFC,Max Holloway,Dustin Poirier,2025-07-20T04:44:00,0,Fight,total,4.5,over,2025-07-19T12:24:07+00:00,1752927847,1.671,3000.0
1610679471,8,1624,UFC,Max Holloway,Dustin Poirier,2025-07-20T04:44:00,0,Fight,total,4.5,under,2025-07-19T12:24:07+00:00,1752927847,2.27,3000.0
1610679471,8,1624,UFC,Max Holloway,Dustin Poirier,2025-07-20T04:44:00,0,Fight,total,4.5,over,2025-07-19T13:23:37+00:00,1752931417,1.684,3000.0
1610679471,8,1624,UFC,Max Holloway,Dustin Poirier,2025-07-20T04:44:00,0,Fight,total,4.5,under,2025-07-19T13:23:37+00:00,1752931417,2.25,3000.0
1610679471,8,1624,UFC,Max Holloway,Dustin Poirier,2025-07-20T04:44:00,0,Fight,total,4.5,over,2025-07-19T13:29:18+00:00,1752931758,1.636,3000.0
1610679471,8,1624,UFC,Max Holloway,Dustin Poirier,2025-07-20T04:44:00,0,Fight,total,4.5,under,2025-07-19T13:29:18+00:00,1752931758,2.34,3000.0
1610679471,8,1624,UFC,Max Holloway,Dustin Poirier,2025-07-20T04:44:00,0,Fight,total,4.5,over,2025-07-19T14:07:37+00:00,1752934057,1.653,3000.0
1610679471,8,1624,UFC,Max Holloway,Dustin Poirier,2025-07-20T04:44:00,0,Fight,total,4.5,under,2025-07-19T14:07:37+00:00,1752934057,2.31,3000.0
1610679471,8,1624,UFC,Max Holloway,Dustin Poirier,2025-07-20T04:44:00,0,Fight,moneyline,,away,2025-07-19T14:14:25+00:00,1752934465,2.15,10000.0
1610679471,8,1624,UFC,Max Holloway,Dustin Poirier,2025-07-20T04:44:00,0,Fight,moneyline,,home,2025-07-19T14:14:25+00:00,1752934465,1.775,10000.0
1610679471,8,1624,UFC,Max Holloway,Dustin Poirier,2025-07-20T04:44:00,0,Fight,moneyline,,away,2025-07-19T14:25:55+00:00,1752935155,2.18,10000.0
1610679471,8,1624,UFC,Max Holloway,Dustin Poirier,2025-07-20T04:44:00,0,Fight,moneyline,,home,2025-07-19T14:25:55+00:00,1752935155,1.757,10000.0
1610679471,8,1624,UFC,Max Holloway,Dustin Poirier,2025-07-20T04:44:00,0,Fight,moneyline,,away,2025-07-19T15:32:01+00:00,1752939121,2.16,10000.0
1610679471,8,1624,UFC,Max Holloway,Dustin Poirier,2025-07-20T04:44:00,0,Fight,moneyline,,home,2025-07-19T15:32:01+00:00,1752939121,1.763,10000.0
1610679471,8,1624,UFC,Max Holloway,Dustin Poirier,2025-07-20T04:44:00,0,Fight,total,4.5,over,2025-07-19T15:45:40+00:00,1752939940,1.662,3000.0
1610679471,8,1624,UFC,Max Holloway,Dustin Poirier,2025-07-20T04:44:00,0,Fight,total,4.5,under,2025-07-19T15:45:40+00:00,1752939940,2.29,3000.0
1610679471,8,1624,UFC,Max Holloway,Dustin Poirier,2025-07-20T04:44:00,0,Fight,moneyline,,away,2025-07-19T16:35:09+00:00,1752942909,2.12,10000.0
1610679471,8,1624,UFC,Max Holloway,Dustin Poirier,2025-07-20T04:44:00,0,Fight,moneyline,,home,2025-07-19T16:35:09+00:00,1752942909,1.8,10000.0
1610679471,8,1624,UFC,Max Holloway,Dustin Poirier,2025-07-20T04:44:00,0,Fight,moneyline,,away,2025-07-19T16:36:27+00:00,1752942987,2.13,10000.0
1610679471,8,1624,UFC,Max Holloway,Dustin Poirier,2025-07-20T04:44:00,0,Fight,moneyline,,home,2025-07-19T16:36:27+00:00,1752942987,1.787,10000.0
1610679471,8,1624,UFC,Max Holloway,Dustin Poirier,2025-07-20T04:44:00,0,Fight,total,4.5,over,2025-07-19T17:12:51+00:00,1752945171,1.666,3000.0
1610679471,8,1624,UFC,Max Holloway,Dustin Poirier,2025-07-20T04:44:00,0,Fight,total,4.5,under,2025-07-19T17:12:51+00:00,1752945171,2.28,3000.0
1610679471,8,1624,UFC,Max Holloway,Dustin Poirier,2025-07-20T04:44:00,0,Fight,moneyline,,away,2025-07-19T17:29:02+00:00,1752946142,2.15,10000.0
1610679471,8,1624,UFC,Max Holloway,Dustin Poirier,2025-07-20T04:44:00,0,Fight,moneyline,,home,2025-07-19T17:29:02+00:00,1752946142,1.769,10000.0
1610679471,8,1624,UFC,Max Holloway,Dustin Poirier,2025-07-20T04:44:00,0,Fight,total,4.5,over,2025-07-19T17:32:09+00:00,1752946329,1.694,3000.0
1610679471,8,1624,UFC,Max Holloway,Dustin Poirier,2025-07-20T04:44:00,0,Fight,total,4.5,under,2025-07-19T17:32:09+00:00,1752946329,2.23,3000.0
1610679471,8,1624,UFC,Max Holloway,Dustin Poirier,2025-07-20T04:44:00,0,Fight,total,4.5,over,2025-07-19T17:32:20+00:00,1752946340,1.719,3000.0
1610679471,8,1624,UFC,Max Holloway,Dustin Poirier,2025-07-20T04:44:00,0,Fight,total,4.5,under,2025-07-19T17:32:20+00:00,1752946340,2.19,3000.0
1610679471,8,1624,UFC,Max Holloway,Dustin Poirier,2025-07-20T04:44:00,0,Fight,total,4.5,over,2025-07-19T17:32:26+00:00,1752946346,1.729,3000.0
1610679471,8,1624,UFC,Max Holloway,Dustin Poirier,2025-07-20T04:44:00,0,Fight,total,4.5,under,2025-07-19T17:32:26+00:00,1752946346,2.17,3000.0
1610679471,8,1624,UFC,Max Holloway,Dustin Poirier,2025-07-20T04:44:00,0,Fight,total,4.5,over,2025-07-19T17:32:44+00:00,1752946364,1.763,3000.0
1610679471,8,1624,UFC,Max Holloway,Dustin Poirier,2025-07-20T04:44:00,0,Fight,total,4.5,under,2025-07-19T17:32:44+00:00,1752946364,2.12,3000.0
1610679471,8,1624,UFC,Max Holloway,Dustin Poirier,2025-07-20T04:44:00,0,Fight,total,4.5,over,2025-07-19T17:36:27+00:00,1752946587,1.781,3000.0
1610679471,8,1624,UFC,Max Holloway,Dustin Poirier,2025-07-20T04:44:00,0,Fight,total,4.5,under,2025-07-19T17:36:27+00:00,1752946587,2.1,3000.0
1610679471,8,1624,UFC,Max Holloway,Dustin Poirier,2025-07-20T04:44:00,0,Fight,total,4.5,over,2025-07-19T17:52:42+00:00,1752947562,1.787,3000.0
1610679471,8,1624,UFC,Max Holloway,Dustin Poirier,2025-07-20T04:44:00,0,Fight,total,4.5,under,2025-07-19T17:52:42+00:00,1752947562,2.09,3000.0
1610679471,8,1624,UFC,Max Holloway,Dustin Poirier,2025-07-20T04:44:00,0,Fight,total,4.5,over,2025-07-19T18:29:55+00:00,1752949795,1.769,3000.0
1610679471,8,1624,UFC,Max Holloway,Dustin Poirier,2025-07-20T04:44:00,0,Fight,total,4.5,under,2025-07-19T18:29:55+00:00,1752949795,2.12,3000.0
1610679471,8,1624,UFC,Max Holloway,Dustin Poirier,2025-07-20T04:44:00,0,Fight,moneyline,,away,2025-07-19T19:01:55+00:00,1752951715,2.16,10000.0
1610679471,8,1624,UFC,Max Holloway,Dustin Poirier,2025-07-20T04:44:00,0,Fight,moneyline,,away,2025-07-19T19:35:07+00:00,1752953707,2.15,10000.0
1610679471,8,1624,UFC,Max Holloway,Dustin Poirier,2025-07-20T04:44:00,0,Fight,moneyline,,away,2025-07-19T22:01:07+00:00,1752962467,2.16,20000.0
1610679471,8,1624,UFC,Max Holloway,Dustin Poirier,2025-07-20T04:44:00,0,Fight,moneyline,,home,2025-07-19T22:01:07+00:00,1752962467,1.763,20000.0
1610679471,8,1624,UFC,Max Holloway,Dustin Poirier,2025-07-20T04:44:00,0,Fight,moneyline,,away,2025-07-19T22:13:25+00:00,1752963205,2.21,20000.0
1610679471,8,1624,UFC,Max Holloway,Dustin Poirier,2025-07-20T04:44:00,0,Fight,moneyline,,home,2025-07-19T22:13:25+00:00,1752963205,1.729,20000.0
1610679471,8,1624,UFC,Max Holloway,Dustin Poirier,2025-07-20T04:44:00,0,Fight,moneyline,,away,2025-07-19T22:14:37+00:00,1752963277,2.22,20000.0
1610679471,8,1624,UFC,Max Holloway,Dustin Poirier,2025-07-20T04:44:00,0,Fight,moneyline,,home,2025-07-19T22:14:37+00:00,1752963277,1.724,20000.0
1610679471,8,1624,UFC,Max Holloway,Dustin Poirier,2025-07-20T04:44:00,0,Fight,moneyline,,away,2025-07-19T22:24:45+00:00,1752963885,2.21,20000.0
1610679471,8,1624,UFC,Max Holloway,Dustin Poirier,2025-07-20T04:44:00,0,Fight,moneyline,,home,2025-07-19T22:24:45+00:00,1752963885,1.735,20000.0
1610679471,8,1624,UFC,Max Holloway,Dustin Poirier,2025-07-20T04:44:00,0,Fight,moneyline,,away,2025-07-19T22:25:45+00:00,1752963945,2.23,20000.0
1610679471,8,1624,UFC,Max Holloway,Dustin Poirier,2025-07-20T04:44:00,0,Fight,moneyline,,home,2025-07-19T22:25:45+00:00,1752963945,1.724,20000.0
1610679471,8,1624,UFC,Max Holloway,Dustin Poirier,2025-07-20T04:44:00,0,Fight,moneyline,,away,2025-07-19T23:24:29+00:00,1752967469,2.22,20000.0
1610679471,8,1624,UFC,Max Holloway,Dustin Poirier,2025-07-20T04:44:00,0,Fight,moneyline,,home,2025-07-19T23:24:29+00:00,1752967469,1.729,20000.0
1610679471,8,1624,UFC,Max Holloway,Dustin Poirier,2025-07-20T04:44:00,0,Fight,total,4.5,over,2025-07-19T23:30:44+00:00,1752967844,1.793,5000.0
1610679471,8,1624,UFC,Max Holloway,Dustin Poirier,2025-07-20T04:44:00,0,Fight,total,4.5,under,2025-07-19T23:30:44+00:00,1752967844,2.08,5000.0
1610679471,8,1624,UFC,Max Holloway,Dustin Poirier,2025-07-20T04:44:00,0,Fight,total,4.5,over,2025-07-19T23:37:22+00:00,1752968242,1.8,5000.0
1610679471,8,1624,UFC,Max Holloway,Dustin Poirier,2025-07-20T04:44:00,0,Fight,total,4.5,under,2025-07-19T23:37:22+00:00,1752968242,2.07,5000.0
1610679471,8,1624,UFC,Max Holloway,Dustin Poirier,2025-07-20T04:44:00,0,Fight,moneyline,,away,2025-07-19T23:39:52+00:00,1752968392,2.24,20000.0
1610679471,8,1624,UFC,Max Holloway,Dustin Poirier,2025-07-20T04:44:00,0,Fight,moneyline,,home,2025-07-19T23:39:52+00:00,1752968392,1.714,20000.0
1610679471,8,1624,UFC,Max Holloway,Dustin Poirier,2025-07-20T04:44:00,0,Fight,moneyline,,away,2025-07-19T23:47:10+00:00,1752968830,2.23,20000.0
1610679471,8,1624,UFC,Max Holloway,Dustin Poirier,2025-07-20T04:44:00,0,Fight,moneyline,,home,2025-07-19T23:47:10+00:00,1752968830,1.719,20000.0
1610679471,8,1624,UFC,Max Holloway,Dustin Poirier,2025-07-20T04:44:00,0,Fight,moneyline,,away,2025-07-19T23:48:58+00:00,1752968938,2.21,20000.0
1610679471,8,1624,UFC,Max Holloway,Dustin Poirier,2025-07-20T04:44:00,0,Fight,moneyline,,home,2025-07-19T23:48:58+00:00,1752968938,1.735,20000.0
1610679471,8,1624,UFC,Max Holloway,Dustin Poirier,2025-07-20T04:44:00,0,Fight,total,4.5,over,2025-07-19T23:54:31+00:00,1752969271,1.787,5000.0
1610679471,8,1624,UFC,Max Holloway,Dustin Poirier,2025-07-20T04:44:00,0,Fight,total,4.5,under,2025-07-19T23:54:31+00:00,1752969271,2.08,5000.0
1610679471,8,1624,UFC,Max Holloway,Dustin Poirier,2025-07-20T04:44:00,0,Fight,moneyline,,away,2025-07-20T00:21:23+00:00,1752970883,2.2,20000.0
1610679471,8,1624,UFC,Max Holloway,Dustin Poirier,2025-07-20T04:44:00,0,Fight,total,4.5,over,2025-07-20T00:46:33+00:00,1752972393,1.769,5000.0
1610679471,8,1624,UFC,Max Holloway,Dustin Poirier,2025-07-20T04:44:00,0,Fight,total,4.5,under,2025-07-20T00:46:33+00:00,1752972393,2.11,5000.0
1610679471,8,1624,UFC,Max Holloway,Dustin Poirier,2025-07-20T04:44:00,0,Fight,total,4.5,over,2025-07-20T01:06:51+00:00,1752973611,1.775,5000.0
1610679471,8,1624,UFC,Max Holloway,Dustin Poirier,2025-07-20T04:44:00,0,Fight,total,4.5,over,2025-07-20T01:38:22+00:00,1752975502,1.787,5000.0
1610679471,8,1624,UFC,Max Holloway,Dustin Poirier,2025-07-20T04:44:00,0,Fight,total,4.5,under,2025-07-20T01:38:22+00:00,1752975502,2.09,5000.0
1610679471,8,1624,UFC,Max Holloway,Dustin Poirier,2025-07-20T04:44:00,0,Fight,total,4.5,over,2025-07-20T01:47:06+00:00,1752976026,1.781,5000.0
1610679471,8,1624,UFC,Max Holloway,Dustin Poirier,2025-07-20T04:44:00,0,Fight,moneyline,,away,2025-07-20T01:50:42+00:00,1752976242,2.19,20000.0
1610679471,8,1624,UFC,Max Holloway,Dustin Poirier,2025-07-20T04:44:00,0,Fight,moneyline,,home,2025-07-20T01:50:42+00:00,1752976242,1.746,20000.0
1610679471,8,1624,UFC,Max Holloway,Dustin Poirier,2025-07-20T04:44:00,0,Fight,moneyline,,away,2025-07-20T02:02:30+00:00,1752976950,2.15,25000.0
1610679471,8,1624,UFC,Max Holloway,Dustin Poirier,2025-07-20T04:44:00,0,Fight,moneyline,,home,2025-07-20T02:02:30+00:00,1752976950,1.775,25000.0
1610679471,8,1624,UFC,Max Holloway,Dustin Poirier,2025-07-20T04:44:00,0,Fight,moneyline,,away,2025-07-20T02:18:32+00:00,1752977912,2.14,50000.0
1610679471,8,1624,UFC,Max Holloway,Dustin Poirier,2025-07-20T04:44:00,0,Fight,moneyline,,home,2025-07-20T02:18:32+00:00,1752977912,1.781,50000.0
1610679471,8,1624,UFC,Max Holloway,Dustin Poirier,2025-07-20T04:44:00,0,Fight,total,4.5,over,2025-07-20T02:26:44+00:00,1752978404,1.806,10000.0
1610679471,8,1624,UFC,Max Holloway,Dustin Poirier,2025-07-20T04:44:00,0,Fight,total,4.5,under,2025-07-20T02:26:44+00:00,1752978404,2.06,10000.0
1610679471,8,1624,UFC,Max Holloway,Dustin Poirier,2025-07-20T04:44:00,0,Fight,total,4.5,over,2025-07-20T02:28:03+00:00,1752978483,1.813,10000.0
1610679471,8,1624,UFC,Max Holloway,Dustin Poirier,2025-07-20T04:44:00,0,Fight,total,4.5,under,2025-07-20T02:28:03+00:00,1752978483,2.05,10000.0
1610679471,8,1624,UFC,Max Holloway,Dustin Poirier,2025-07-20T04:44:00,0,Fight,total,4.5,over,2025-07-20T02:29:38+00:00,1752978578,1.806,10000.0
1610679471,8,1624,UFC,Max Holloway,Dustin Poirier,2025-07-20T04:44:00,0,Fight,total,4.5,under,2025-07-20T02:29:38+00:00,1752978578,2.06,10000.0
1610679471,8,1624,UFC,Max Holloway,Dustin Poirier,2025-07-20T04:44:00,0,Fight,moneyline,,away,2025-07-20T02:47:18+00:00,1752979638,2.13,50000.0
1610679471,8,1624,UFC,Max Holloway,Dustin Poirier,2025-07-20T04:44:00,0,Fight,moneyline,,home,2025-07-20T02:47:18+00:00,1752979638,1.787,50000.0
1610679471,8,1624,UFC,Max Holloway,Dustin Poirier,2025-07-20T04:44:00,0,Fight,moneyline,,away,2025-07-20T03:00:08+00:00,1752980408,2.09,50000.0
1610679471,8,1624,UFC,Max Holloway,Dustin Poirier,2025-07-20T04:44:00,0,Fight,moneyline,,home,2025-07-20T03:00:08+00:00,1752980408,1.813,50000.0
1610679471,8,1624,UFC,Max Holloway,Dustin Poirier,2025-07-20T04:44:00,0,Fight,moneyline,,away,2025-07-20T03:11:28+00:00,1752981088,2.08,50000.0
1610679471,8,1624,UFC,Max Holloway,Dustin Poirier,2025-07-20T04:44:00,0,Fight,moneyline,,home,2025-07-20T03:11:28+00:00,1752981088,1.826,50000.0
1610679471,8,1624,UFC,Max Holloway,Dustin Poirier,2025-07-20T04:44:00,0,Fight,total,4.5,over,2025-07-20T03:18:10+00:00,1752981490,1.8,10000.0
1610679471,8,1624,UFC,Max Holloway,Dustin Poirier,2025-07-20T04:44:00,0,Fight,total,4.5,under,2025-07-20T03:18:10+00:00,1752981490,2.07,10000.0
1610679471,8,1624,UFC,Max Holloway,Dustin Poirier,2025-07-20T04:44:00,0,Fight,total,4.5,over,2025-07-20T03:29:24+00:00,1752982164,1.826,10000.0
1610679471,8,1624,UFC,Max Holloway,Dustin Poirier,2025-07-20T04:44:00,0,Fight,total,4.5,under,2025-07-20T03:29:24+00:00,1752982164,2.04,10000.0
1610679471,8,1624,UFC,Max Holloway,Dustin Poirier,2025-07-20T04:44:00,0,Fight,moneyline,,away,2025-07-20T03:53:32+00:00,1752983612,2.07,50000.0
1610679471,8,1624,UFC,Max Holloway,Dustin Poirier,2025-07-20T04:44:00,0,Fight,moneyline,,home,2025-07-20T03:53:32+00:00,1752983612,1.833,50000.0
1610679471,8,1624,UFC,Max Holloway,Dustin Poirier,2025-07-20T04:44:00,0,Fight,moneyline,,away,2025-07-20T03:53:50+00:00,1752983630,2.09,50000.0
1610679471,8,1624,UFC,Max Holloway,Dustin Poirier,2025-07-20T04:44:00,0,Fight,moneyline,,home,2025-07-20T03:53:50+00:00,1752983630,1.813,50000.0
1610679471,8,1624,UFC,Max Holloway,Dustin Poirier,2025-07-20T04:44:00,0,Fight,moneyline,,away,2025-07-20T03:54:38+00:00,1752983678,2.08,50000.0
1610679471,8,1624,UFC,Max Holloway,Dustin Poirier,2025-07-20T04:44:00,0,Fight,moneyline,,home,2025-07-20T03:54:38+00:00,1752983678,1.826,50000.0
1610679471,8,1624,UFC,Max Holloway,Dustin Poirier,2025-07-20T04:44:00,0,Fight,total,4.5,over,2025-07-20T04:00:10+00:00,1752984010,1.819,10000.0
1610679471,8,1624,UFC,Max Holloway,Dustin Poirier,2025-07-20T04:44:00,0,Fight,moneyline,,away,2025-07-20T04:07:07+00:00,1752984427,2.07,50000.0
1610679471,8,1624,UFC,Max Holloway,Dustin Poirier,2025-07-20T04:44:00,0,Fight,moneyline,,away,2025-07-20T04:14:07+00:00,1752984847,2.1,50000.0
1610679471,8,1624,UFC,Max Holloway,Dustin Poirier,2025-07-20T04:44:00,0,Fight,moneyline,,home,2025-07-20T04:14:07+00:00,1752984847,1.806,50000.0
1610679471,8,1624,UFC,Max Holloway,Dustin Poirier,2025-07-20T04:44:00,0,Fight,total,4.5,over,2025-07-20T04:14:55+00:00,1752984895,1.793,10000.0
1610679471,8,1624,UFC,Max Holloway,Dustin Poirier,2025-07-20T04:44:00,0,Fight,total,4.5,under,2025-07-20T04:14:55+00:00,1752984895,2.08,10000.0
1610679471,8,1624,UFC,Max Holloway,Dustin Poirier,2025-07-20T04:44:00,0,Fight,total,4.5,over,2025-07-20T04:15:01+00:00,1752984901,1.769,10000.0
1610679471,8,1624,UFC,Max Holloway,Dustin Poirier,2025-07-20T04:44:00,0,Fight,total,4.5,under,2025-07-20T04:15:01+00:00,1752984901,2.11,10000.0
1610679471,8,1624,UFC,Max Holloway,Dustin Poirier,2025-07-20T04:44:00,0,Fight,total,4.5,over,2025-07-20T04:15:26+00:00,1752984926,1.757,10000.0
1610679471,8,1624,UFC,Max Holloway,Dustin Poirier,2025-07-20T04:44:00,0,Fight,total,4.5,under,2025-07-20T04:15:26+00:00,1752984926,2.13,10000.0
1610679471,8,1624,UFC,Max Holloway,Dustin Poirier,2025-07-20T04:44:00,0,Fight,total,4.5,over,2025-07-20T04:17:53+00:00,1752985073,1.775,10000.0
1610679471,8,1624,UFC,Max Holloway,Dustin Poirier,2025-07-20T04:44:00,0,Fight,total,4.5,under,2025-07-20T04:17:53+00:00,1752985073,2.11,10000.0
1610679471,8,1624,UFC,Max Holloway,Dustin Poirier,2025-07-20T04:44:00,0,Fight,moneyline,,away,2025-07-20T04:19:28+00:00,1752985168,2.13,50000.0
1610679471,8,1624,UFC,Max Holloway,Dustin Poirier,2025-07-20T04:44:00,0,Fight,moneyline,,home,2025-07-20T04:19:28+00:00,1752985168,1.787,50000.0
1610679471,8,1624,UFC,Max Holloway,Dustin Poirier,2025-07-20T04:44:00,0,Fight,moneyline,,away,2025-07-20T04:19:40+00:00,1752985180,2.14,50000.0
1610679471,8,1624,UFC,Max Holloway,Dustin Poirier,2025-07-20T04:44:00,0,Fight,moneyline,,home,2025-07-20T04:19:40+00:00,1752985180,1.781,50000.0
1610679471,8,1624,UFC,Max Holloway,Dustin Poirier,2025-07-20T04:44:00,0,Fight,moneyline,,away,2025-07-20T04:21:40+00:00,1752985300,2.13,50000.0
1610679471,8,1624,UFC,Max Holloway,Dustin Poirier,2025-07-20T04:44:00,0,Fight,moneyline,,home,2025-07-20T04:21:40+00:00,1752985300,1.787,50000.0
1610679471,8,1624,UFC,Max Holloway,Dustin Poirier,2025-07-20T04:44:00,0,Fight,total,4.5,over,2025-07-20T04:24:20+00:00,1752985460,1.813,10000.0
1610679471,8,1624,UFC,Max Holloway,Dustin Poirier,2025-07-20T04:44:00,0,Fight,total,4.5,under,2025-07-20T04:24:20+00:00,1752985460,2.06,10000.0
1610679471,8,1624,UFC,Max Holloway,Dustin Poirier,2025-07-20T04:44:00,0,Fight,total,4.5,over,2025-07-20T04:24:26+00:00,1752985466,1.884,10000.0
1610679471,8,1624,UFC,Max Holloway,Dustin Poirier,2025-07-20T04:44:00,0,Fight,total,4.5,under,2025-07-20T04:24:26+00:00,1752985466,1.961,10000.0
1610679471,8,1624,UFC,Max Holloway,Dustin Poirier,2025-07-20T04:44:00,0,Fight,moneyline,,away,2025-07-20T04:25:09+00:00,1752985509,2.14,50000.0
1610679471,8,1624,UFC,Max Holloway,Dustin Poirier,2025-07-20T04:44:00,0,Fight,moneyline,,home,2025-07-20T04:25:09+00:00,1752985509,1.781,50000.0
1610679471,8,1624,UFC,Max Holloway,Dustin Poirier,2025-07-20T04:44:00,0,Fight,total,4.5,over,2025-07-20T04:25:09+00:00,1752985509,1.877,10000.0
1610679471,8,1624,UFC,Max Holloway,Dustin Poirier,2025-07-20T04:44:00,0,Fight,total,4.5,under,2025-07-20T04:25:09+00:00,1752985509,1.98,10000.0
1610679471,8,1624,UFC,Max Holloway,Dustin Poirier,2025-07-20T04:44:00,0,Fight,total,4.5,over,2025-07-20T04:25:14+00:00,1752985514,1.9,10000.0
1610679471,8,1624,UFC,Max Holloway,Dustin Poirier,2025-07-20T04:44:00,0,Fight,total,4.5,under,2025-07-20T04:25:14+00:00,1752985514,1.952,10000.0
1610679471,8,1624,UFC,Max Holloway,Dustin Poirier,2025-07-20T04:44:00,0,Fight,total,4.5,over,2025-07-20T04:25:32+00:00,1752985532,1.892,10000.0
1610679471,8,1624,UFC,Max Holloway,Dustin Poirier,2025-07-20T04:44:00,0,Fight,total,4.5,under,2025-07-20T04:25:32+00:00,1752985532,1.961,10000.0
1610679471,8,1624,UFC,Max Holloway,Dustin Poirier,2025-07-20T04:44:00,0,Fight,total,4.5,over,2025-07-20T04:25:45+00:00,1752985545,1.826,10000.0
1610679471,8,1624,UFC,Max Holloway,Dustin Poirier,2025-07-20T04:44:00,0,Fight,total,4.5,under,2025-07-20T04:25:45+00:00,1752985545,2.04,10000.0
1610679471,8,1624,UFC,Max Holloway,Dustin Poirier,2025-07-20T04:44:00,0,Fight,total,4.5,over,2025-07-20T04:26:02+00:00,1752985562,1.833,10000.0
1610679471,8,1624,UFC,Max Holloway,Dustin Poirier,2025-07-20T04:44:00,0,Fight,total,4.5,under,2025-07-20T04:26:02+00:00,1752985562,2.03,10000.0
1610679471,8,1624,UFC,Max Holloway,Dustin Poirier,2025-07-20T04:44:00,0,Fight,moneyline,,away,2025-07-20T04:27:21+00:00,1752985641,2.15,50000.0
1610679471,8,1624,UFC,Max Holloway,Dustin Poirier,2025-07-20T04:44:00,0,Fight,moneyline,,home,2025-07-20T04:27:21+00:00,1752985641,1.769,50000.0
1610679471,8,1624,UFC,Max Holloway,Dustin Poirier,2025-07-20T04:44:00,0,Fight,moneyline,,away,2025-07-20T04:27:57+00:00,1752985677,2.16,50000.0
1610679471,8,1624,UFC,Max Holloway,Dustin Poirier,2025-07-20T04:44:00,0,Fight,moneyline,,home,2025-07-20T04:27:57+00:00,1752985677,1.763,50000.0
1610679471,8,1624,UFC,Max Holloway,Dustin Poirier,2025-07-20T04:44:00,0,Fight,moneyline,,away,2025-07-20T04:28:09+00:00,1752985689,2.13,50000.0
1610679471,8,1624,UFC,Max Holloway,Dustin Poirier,2025-07-20T04:44:00,0,Fight,moneyline,,home,2025-07-20T04:28:09+00:00,1752985689,1.787,50000.0
1610679471,8,1624,UFC,Max Holloway,Dustin Poirier,2025-07-20T04:44:00,0,Fight,moneyline,,away,2025-07-20T04:28:33+00:00,1752985713,2.14,50000.0
1610679471,8,1624,UFC,Max Holloway,Dustin Poirier,2025-07-20T04:44:00,0,Fight,moneyline,,home,2025-07-20T04:28:33+00:00,1752985713,1.781,50000.0
